{
   "scale" : [ 0.015, 0.015, 0.16666666667 ],
   
   "cal-matrix" : [
      [
         1.0303579532883771,
         0.24591803920447664,
         0.0087022338105239381,
         -0.0018911579945225714,
         0.0095813090954073119,
         7.1767396903746217e-05
      ],
      [
         -0.29044606301957504,
         1.1309747771217036,
         0.032441486391192688,
         -0.01259213300518262,
         -0.0028774458094794507,
         -0.00096274142365893706
      ],
      [
         -0.082588931426229639,
         -0.20998205592516028,
         0.72213744755480969,
         0.0020471590979829271,
         0.0013904023335156231,
         0.0004730274962593337
      ]
   ],
   "force-pos" : [
      [ 0, -3, 0, -28, 1.5800000000000001, -87.930000000000007 ],
      [ 0, -5, 0, -37.5, 1.5800000000000001, -62.93 ],
      [ 0, -3, 0, -22.5, 1.5800000000000001, -47.93 ],
      [ 0, -8, 0, -3, 1.5800000000000001, -51.93 ],
      [ 0, -2, 0, 47, 1.5800000000000001, -87.930000000000007 ],
      [ 0, -3, 0, 43.5, 1.5800000000000001, -57.93 ],
      [ 0, -5, 0, 22.5, 1.5800000000000001, -47.93 ],
      [ 0, -3, 0, 7.5, 1.5800000000000001, -88.930000000000007 ],
      [ 0, -2, 0, 23.5, 1.5800000000000001, -71.930000000000007 ],
      [ 0, -5, 0, 62, 1.5800000000000001, -61.93 ],
      [ 0, -3, 0, -48, 1.5800000000000001, -41.93 ],
      [ 0, -2, 0, -48, 1.5800000000000001, -77.930000000000007 ],
      [ 0, -3, 0, -7, 1.5800000000000001, -77.930000000000007 ],
      [ 3, 0, 0, -1.5800000000000001, -15, -88.930000000000007 ],
      [ 2, 0, 0, -1.5800000000000001, 7.5, -76.930000000000007 ],
      [ 2, 0, 0, -1.5800000000000001, -25, -63.93 ],
      [ 3, 0, 0, -1.5800000000000001, -13, -55.93 ],
      [ 7, 0, 0, -1.5800000000000001, 3.5, -36.93 ],
      [ 3, 0, 0, -1.5800000000000001, 35, -83.930000000000007 ],
      [ 2, 0, 0, -1.5800000000000001, 47, -61.93 ],
      [ 5, 0, 0, -1.5800000000000001, -35, -78.930000000000007 ],
      [ 3, 0, 0, -1.5800000000000001, -12, -75.930000000000007 ],
      [ 5, 0, 0, -1.5800000000000001, 40, -38.93 ],
      [ 7, 0, 0, -1.5800000000000001, 28, -50.93 ],
      [ 8, 0, 0, -1.5800000000000001, 12, -51.93 ],
      [ 3, 0, 0, -1.5800000000000001, 10, -93.930000000000007 ],
      [ 0, 0, 2, -22.5, -23, -3.3999999999999999 ],
      [ 0, 0, 3, 20, 20, -3.3999999999999999 ],
      [ 0, 0, 3, -57, 47, -3.3999999999999999 ],
      [ 0, 0, 5, -45, 25, -3.3999999999999999 ],
      [ 0, 0, 2, -43.5, -32, -3.3999999999999999 ],
      [ 0, 0, 3, 30, -60, -3.3999999999999999 ],
      [ 0, 0, 7, 62.5, -27, -3.3999999999999999 ],
      [ 0, 0, 2, 62.5, 17, -3.3999999999999999 ],
      [ 0, 0, 3, 35, 37.5, -3.3999999999999999 ],
      [ 0, 0, 5, 38, 27.5, -3.3999999999999999 ],
      [ 0, 0, 3, 37, -17, -3.3999999999999999 ],
      [ 0, 0, 2, 3.5, -28, -3.3999999999999999 ],
      [ 0, 0, 3, 7, 37.5, -3.3999999999999999 ],
      [ 0, 0, 5, -17, 57, -3.3999999999999999 ]
   ],
   "raw-sensor-reading" : [
      [ -1.3800000000000006, -6.75, 0.33333333334000026 ],
      [ -1.8599999999999997, -9.4200000000000035, 1.5000000000299993 ],
      [ -0.99000000000000032, -5.0099999999999962, 0.83333333335000004 ],
      [ -2.6850000000000009, -14.34, 2.6666666667200021 ],
      [ -0.84000000000000075, -4.4550000000000045, 1.0000000000200011 ],
      [ -1.0649999999999995, -5.7149999999999999, 1.333333333360001 ],
      [ -1.6350000000000007, -8.5950000000000095, 2.0000000000400022 ],
      [ -1.3022999999999998, -6.7772999999999932, 1.0000000000200011 ],
      [ -0.75, -4.0349999999999975, 0.83333333335000004 ],
      [ -1.8149999999999988, -10.065, 1.5000000000299993 ],
      [ -0.92999999999999983, -4.7700000000000031, 1.0000000000200011 ],
      [ -0.81000000000000005, -4.0949999999999998, 0.66666666668000052 ],
      [ -1.2150000000000014, -6.300000000000006, 1.166666666689999 ],
      [ 5.7299999999999978, -1.6650000000000009, 0.50000000001000056 ],
      [ 3.4050000000000007, -0.96000000000000074, 0.16666666667000013 ],
      [ 3.1650000000000005, -0.82500000000000029, 0.50000000001000056 ],
      [ 4.5, -1.2449999999999988, 0.16666666667000013 ],
      [ 9.8849999999999945, -2.8649999999999989, 0.16666666667000013 ],
      [ 5.5649999999999986, -1.7099999999999989, 0.33333333334000026 ],
      [ 3.1650000000000005, -0.96000000000000074, 0 ],
      [ 9, -2.5199999999999987, -0.33333333334000026 ],
      [ 5.055000000000005, -1.454999999999999, 0.33333333334000026 ],
      [ 6.9300000000000042, -2.0250000000000012, 0 ],
      [ 10.754999999999997, -3.2700000000000014, -0.33333333334000026 ],
      [ 12.225000000000012, -3.6450000000000022, -0.33333333334000026 ],
      [ 5.625, -1.7249999999999994, 0 ],
      [ -0.49500000000000016, -0.46499999999999991, 2.3333333333799979 ],
      [ 0.70499999999999918, 0.66000000000000003, 2.1666666667099999 ],
      [ -1.3650000000000002, 2.3400000000000021, 1.333333333360001 ],
      [ -1.8924000000000003, 2.432400000000003, 3.1400000000628001 ],
      [ -0.91499999999999926, -0.51000000000000045, 1.333333333360001 ],
      [ 0.49500000000000016, -2.4000000000000021, 2.8333333333899997 ],
      [ 4.0200000000000014, -3.375, 5.8333333334500068 ],
      [ 1.1850000000000007, 0.13499999999999987, 1.6666666667000001 ],
      [ 1.2000000000000011, 1.2599999999999993, 2.6666666667200021 ],
      [ 2.1449999999999991, 1.3200000000000001, 3.5000000000700022 ],
      [ 0.94500000000000017, -0.88500000000000001, 2.3333333333799979 ],
      [ -0.060000000000000046, -0.66000000000000003, 1.8333333333700019 ],
      [ 0.44999999999999957, 1.4699999999999991, 2.0000000000400022 ],
      [ -0.26999999999999974, 3.9449999999999954, 2.5000000000499973 ]
   ]
}

