{
   "scale" : [ 0.015, 0.015, 0.16666666667 ],
   
   "cal-matrix" : [
      [
         1.0280602541430195,
         0.28387905921616052,
         0.024868123943070086,
         -0.0016860082967361269,
         0.0097664408874374529,
         0.00027948778915680937
      ],
      [
         -0.33396460875968981,
         1.1281839544525001,
         -0.0012896344721865516,
         -0.012833652078030906,
         -0.0025139210273612137,
         -0.00028615790198782047
      ],
      [
         -0.058563984107033284,
         -0.2865868241543657,
         0.76224292477973676,
         0.0019801742990172154,
         -0.00039341147608803714,
         8.7427674724882833e-05
      ]
   ],
   "force-pos" : [
      [ 0, -3, 0, -47, 1.5800000000000001, -77.930000000000007 ],
      [ 0, -5, 0, -48, 1.5800000000000001, -40.93 ],
      [ 0, -3, 0, -12, 1.5800000000000001, -60.93 ],
      [ 0, -2, 0, -7, 1.5800000000000001, -76.930000000000007 ],
      [ 0, -3, 0, -27, 1.5800000000000001, -86.930000000000007 ],
      [ 0, -5, 0, 8, 1.5800000000000001, -87.930000000000007 ],
      [ 0, -3, 0, 23.5, 1.5800000000000001, -70.930000000000007 ],
      [ 0, -2, 0, 33, 1.5800000000000001, -25.93 ],
      [ 0, -5, 0, 8, 1.5800000000000001, -47.93 ],
      [ 0, -3, 0, -2.5, 1.5800000000000001, -50.93 ],
      [ 0, -2, 0, 47, 1.5800000000000001, -86.930000000000007 ],
      [ 0, -5, 0, 43.5, 1.5800000000000001, -56.93 ],
      [ 0, -3, 0, 54, 1.5800000000000001, -36.93 ],
      [ 0, -2, 0, 62.5, 1.5800000000000001, -60.93 ],
      [ 0, -5, 0, -43.5, 1.5800000000000001, -26.93 ],
      [ 0, -2, 0, 13, 1.5800000000000001, -60.93 ],
      [ 0, -3, 0, -30, 1.5800000000000001, -33.93 ],
      [ 0, -7, 0, -22.5, 1.5800000000000001, -46.93 ],
      [ 0, -3, 0, -47.5, 1.5800000000000001, -56.93 ],
      [ 0, -2, 0, -10, 1.5800000000000001, -93.930000000000007 ],
      [ 3, 0, 0, -1.5800000000000001, 20, -93.930000000000007 ],
      [ 2, 0, 0, -1.5800000000000001, 45, -83.930000000000007 ],
      [ 2, 0, 0, -1.5800000000000001, 47, -67.930000000000007 ],
      [ 3, 0, 0, -1.5800000000000001, 13, -36.93 ],
      [ 7, 0, 0, -1.5800000000000001, 22, -50.93 ],
      [ 5, 0, 0, -1.5800000000000001, -15, -43.93 ],
      [ 7, 0, 0, -1.5800000000000001, -27, -51.93 ],
      [ 3, 0, 0, -1.5800000000000001, -40, -58.93 ],
      [ 2, 0, 0, -1.5800000000000001, -25, -78.930000000000007 ],
      [ 2, 0, 0, -1.5800000000000001, -15, -63.93 ],
      [ 5, 0, 0, -1.5800000000000001, 57.5, -61.93 ],
      [ 3, 0, 0, -1.5800000000000001, -5, -88.930000000000007 ],
      [ 3, 0, 0, -1.5800000000000001, 50, -38.93 ],
      [ 2, 0, 0, -1.5800000000000001, 63, -27.93 ],
      [ 5, 0, 0, -1.5800000000000001, 10, -63.93 ],
      [ 3, 0, 0, -1.5800000000000001, -25, -88.930000000000007 ],
      [ 2, 0, 0, -1.5800000000000001, -27, -30.93 ],
      [ 2, 0, 0, -1.5800000000000001, -3, -55.93 ],
      [ 3, 0, 0, -1.5800000000000001, 28, -26.93 ],
      [ 5, 0, 0, -1.5800000000000001, -7, -38.93 ],
      [ 0, 0, 5, -8, -23, -3.3999999999999999 ],
      [ 0, 0, 2, -43.5, -32, -3.3999999999999999 ],
      [ 0, 0, 3, -33, -33, -3.3999999999999999 ],
      [ 0, 0, 7, -27, 50, -3.3999999999999999 ],
      [ 0, 0, 2, -57.5, 47, -3.3999999999999999 ],
      [ 0, 0, 5, 7, 37.5, -3.3999999999999999 ],
      [ 0, 0, 2, 23, 57, -3.3999999999999999 ],
      [ 0, 0, 3, 37, -17, -3.3999999999999999 ],
      [ 0, 0, 3, 62.5, 17, -3.3999999999999999 ],
      [ 0, 0, 5, 60, 40, -3.3999999999999999 ],
      [ 0, 0, 2, -57.5, -3, -3.3999999999999999 ],
      [ 0, 0, 3, -72, 17, -3.3999999999999999 ],
      [ 0, 0, 7, 30, -60, -3.3999999999999999 ],
      [ 0, 0, 2, 62.5, -27, -3.3999999999999999 ],
      [ 0, 0, 3, 38, 27, -3.3999999999999999 ],
      [ 0, 0, 3, -55, -27, -3.3999999999999999 ],
      [ 0, 0, 2, -47, -57, -3.3999999999999999 ],
      [ 0, 0, 3, -8, 33, -3.3999999999999999 ],
      [ 0, 0, 2, -17.5, 57, -3.3999999999999999 ],
      [ 0, 0, 3, -30, -17.5, -3.3999999999999999 ]
   ],
   "raw-sensor-reading" : [
      [ -1.3350000000000002, -6.404999999999994, 1.333333333360001 ],
      [ -1.8149999999999988, -8.324999999999994, 1.8333333333700019 ],
      [ -1.1850000000000007, -5.5800000000000036, 1.333333333360001 ],
      [ -0.84000000000000075, -4.0800000000000036, 0.66666666668000052 ],
      [ -1.3500000000000005, -6.705000000000001, 1.0000000000200011 ],
      [ -2.2650000000000001, -11.355000000000008, 2.1666666667099999 ],
      [ -1.1850000000000007, -5.9399999999999986, 1.0000000000200011 ],
      [ -0.57000000000000017, -2.8050000000000033, 0.83333333335000004 ],
      [ -1.7399999999999991, -8.4750000000000068, 2.0000000000400022 ],
      [ -1.0949999999999993, -5.055000000000005, 1.333333333360001 ],
      [ -0.89999999999999913, -4.4250000000000043, 1.166666666689999 ],
      [ -1.9200000000000015, -9.6449999999999925, 2.0000000000400022 ],
      [ -0.97500000000000087, -4.875, 1.333333333360001 ],
      [ -0.76500000000000046, -3.7949999999999964, 0.83333333335000004 ],
      [ -1.5750000000000015, -7.4100000000000055, 1.8333333333700019 ],
      [ -0.73499999999999954, -3.6750000000000025, 1.0000000000200011 ],
      [ -0.94500000000000017, -4.5, 1.333333333360001 ],
      [ -2.5949999999999993, -12.375, 2.5000000000499973 ],
      [ -1.2000000000000011, -5.5049999999999981, 1.0000000000200011 ],
      [ -0.94500000000000017, -4.4699999999999998, 0.83333333335000004 ],
      [ 5.9399999999999986, -1.7999999999999983, 0 ],
      [ 3.5999999999999965, -1.1099999999999997, -0.33333333334000026 ],
      [ 3.3149999999999982, -1.0499999999999992, 0.16666666667000013 ],
      [ 4.0200000000000014, -1.170000000000001, 0.16666666667000013 ],
      [ 10.980000000000008, -3.3449999999999993, -1.0000000000200011 ],
      [ 7.050000000000006, -2.1149999999999984, -0.33333333334000026 ],
      [ 11.009999999999996, -3.2400000000000002, -1.0000000000200011 ],
      [ 4.6200000000000028, -1.3049999999999999, 0 ],
      [ 3.4650000000000021, -1.0391999999999988, -0.33333333334000026 ],
      [ 3.1650000000000005, -0.94500000000000017, 0 ],
      [ 8.5049999999999972, -2.6850000000000009, -1.0000000000200011 ],
      [ 5.5800000000000036, -1.7249999999999994, -0.16666666667000013 ],
      [ 4.0949999999999998, -1.3200000000000001, 0 ],
      [ 2.549999999999998, -0.81000000000000005, 0.33333333334000026 ],
      [ 8.2950000000000017, -2.5199999999999987, -0.33333333334000026 ],
      [ 5.5800000000000036, -1.6500000000000006, -0.16666666667000013 ],
      [ 2.4150000000000027, -0.67500000000000027, 0.16666666667000013 ],
      [ 2.9699999999999993, -0.89999999999999913, -0.33333333334000026 ],
      [ 3.6750000000000025, -1.125, 0.16666666667000013 ],
      [ 7.0350000000000046, -2.129999999999999, 0 ],
      [ -0.49500000000000016, -1.3950000000000009, 4.6666666667599959 ],
      [ -0.88500000000000001, -0.57000000000000017, 2.0000000000400022 ],
      [ -0.99000000000000032, -0.91499999999999926, 2.6666666667200021 ],
      [ -1.1099999999999997, 5.0250000000000039, 4.1666666667499968 ],
      [ -0.92999999999999983, 1.4399999999999991, 1.6666666667000001 ],
      [ 0.84000000000000075, 2.2800000000000007, 3.8333333334099966 ],
      [ 0.62999999999999967, 1.274999999999999, 1.333333333360001 ],
      [ 1.0050000000000003, -0.99000000000000032, 2.8333333333899997 ],
      [ 1.9800000000000006, 0.34500000000000014, 2.1666666667099999 ],
      [ 3.3000000000000012, 1.8449999999999991, 3.0000000000599987 ],
      [ -1.1550000000000007, 0.13499999999999987, 1.333333333360001 ],
      [ -1.9050000000000009, 1.1099999999999997, 2.0000000000400022 ],
      [ 1.6200000000000001, -6.0299999999999967, 5.6666666667799994 ],
      [ 1.1400000000000003, -0.84000000000000075, 1.8333333333700019 ],
      [ 1.2899999999999994, 0.79500000000000104, 2.3333333333799979 ],
      [ -1.6874999999999982, -0.60749999999999915, 2.1666666667099999 ],
      [ -1.0499999999999992, -1.1850000000000007, 2.1666666667099999 ],
