{
   "scale" : [ 0.015, 0.015, 0.16666666667 ],

   "cal-matrix" : [
      [
         1.0501939185055651,
         0.21398792137546405,
         0.00088277117333644271,
         -0.0014688636247917131,
         0.0094626514057137255,
         0.00022512111607370707
      ],
      [
         -0.30762409608417052,
         1.1225889454821367,
         0.014288924175927297,
         -0.012365295615006724,
         -0.0026985463228162802,
         -4.5612013190057292e-05
      ],
      [
         -0.059522494029287991,
         -0.38685324521379311,
         0.85270005725247922,
         0.00066009599445055302,
         0.0016234879042548763,
         0.00032729299687262744
      ]
   ],
   "force-pos" : [
      [ 0, -3, 0, -37.5, 1.5800000000000001, -60.93 ],
      [ 0, -5, 0, -2.5, 1.5800000000000001, -50.93 ],
      [ 0, -2, 0, 23.5, 1.5800000000000001, -70.930000000000007 ],
      [ 0, -3, 0, 23, 1.5800000000000001, -46.950000000000003 ],
      [ 0, -5, 0, -48, 1.5800000000000001, -40.950000000000003 ],
      [ 0, -2, 0, 12.5, 1.5800000000000001, -61.93 ],
      [ 5, 0, 0, -1.5800000000000001, -27, -50.93 ],
      [ 3, 0, 0, -1.5800000000000001, -3, -55.93 ],
      [ 2, 0, 0, -1.5800000000000001, 17.5, -77.930000000000007 ],
      [ 2, 0, 0, -1.5800000000000001, 21.5, -50.93 ],
      [ 3, 0, 0, -1.5800000000000001, -25, -78.930000000000007 ],
      [ 7, 0, 0, -1.5800000000000001, 13, -35.93 ],
      [ 3, 0, 0, -1.5800000000000001, 47.5, -67.930000000000007 ],
      [ 0, 0, 5, 20, 20, -3.3999999999999999 ],
      [ 0, 0, 7, -27.5, 36.5, -3.3999999999999999 ],
      [ 0, 0, 3, -43, -32, -3.3999999999999999 ],
      [ 0, 0, 2, 42, -27, -3.3999999999999999 ],
      [ 0, 0, 5, -45, 25, -3.3999999999999999 ],
      [ 0, 0, 3, 22.5, 57.5, -3.3999999999999999 ],
      [ 0, 0, 3, -15, -45, -3.3999999999999999 ]
   ],
   "raw-sensor-reading" : [
      [ -1.0200000000000009, -5.7599999999999962, 1.6666666667000001 ],
      [ -1.3950000000000009, -8.6399999999999917, 2.1666666667099999 ],
      [ -0.62999999999999967, -3.9600000000000013, 0.83333333335000004 ],
      [ -0.84000000000000075, -5.1299999999999981, 1.333333333360001 ],
      [ -1.4099999999999984, -8.1899999999999995, 1.6666666667000001 ],
      [ -0.62999999999999967, -3.75, 0.83333333335000004 ],
      [ 7.6236000000000033, -2.1263999999999985, 0.16666666667000013 ],
      [ 4.5749999999999957, -1.3200000000000001, 0.33333333334000026 ],
      [ 3.4499999999999988, -1.0200000000000009, 0.16666666667000013 ],
      [ 2.8799999999999981, -0.86999999999999955, 0.16666666667000013 ],
      [ 5.3849999999999962, -1.5600000000000012, 0.16666666667000013 ],
      [ 9.944999999999995, -2.9021999999999992, -0.16666666667000013 ],
      [ 5.0399999999999974, -1.5600000000000012, 0.16666666667000013 ],
      [ 1.170000000000001, 1.0050000000000003, 4.5000000000900044 ],
      [ -1.545000000000001, 3.75, 5.5000000001099973 ],
      [ -1.3200000000000001, -0.82500000000000029, 2.3333333333799979 ],
      [ 0.71999999999999953, -0.85499999999999943, 1.5000000000299993 ],
      [ -1.9500000000000017, 2.2800000000000007, 3.8333333334099966 ],
      [ 1.0050000000000003, 2.0250000000000012, 2.5000000000499973 ],
      [ -0.63359999999999972, -1.4849999999999997, 2.6666666667200021 ]
   ]
}

