{
   "scale" : [ 0.015, 0.015, 0.16666666667 ],
   
   "cal-matrix" : [
      [
         1.030618101185242,
         0.18054624439973582,
         0.0117334357145846,
         -0.0019835622572375033,
         0.0097410767564731215,
         0.00012991900142264232
      ],
      [
         -0.2334029691540046,
         1.1466699357990704,
         -0.012118185181355727,
         -0.012666337940727723,
         -0.0025755002702782053,
         -0.00098042373408203866
      ],
      [
         -0.032598412967901211,
         -0.20760797557113672,
         0.75126917188232001,
         0.0025774692715063471,
         0.00065488705629210937,
         0.0010703309347938875
      ]
   ],
   "force-pos" : [
      [ 0, -2, 0, -7, 1.5800000000000001, -76.930000000000007 ],
      [ 0, -3, 0, 8, 1.5800000000000001, -87.930000000000007 ],
      [ 0, -5, 0, 9, 1.5800000000000001, -47.93 ],
      [ 0, -3, 0, -48, 1.5800000000000001, -76.930000000000007 ],
      [ 0, -2, 0, -48, 1.5800000000000001, -40.93 ],
      [ 0, -5, 0, -12, 1.5800000000000001, -60.93 ],
      [ 0, -3, 0, -2.5, 1.5800000000000001, -50.93 ],
      [ 0, -2, 0, 23.5, 1.5800000000000001, -70.930000000000007 ],
      [ 0, -2, 0, 33, 1.5800000000000001, -25.93 ],
      [ 0, -7, 0, 35, 1.5800000000000001, -43.93 ],
      [ 0, -3, 0, 53.5, 1.5800000000000001, -36.93 ],
      [ 0, -2, 0, 47, 1.5800000000000001, -86.930000000000007 ],
      [ 0, -3, 0, -28, 1.5800000000000001, -87.930000000000007 ],
      [ 0, -5, 0, -22.5, 1.5800000000000001, -46.93 ],
      [ 0, -2, 0, 13, 1.5800000000000001, -61.93 ],
      [ 0, -3, 0, 43.5, 1.5800000000000001, -56.93 ],
      [ 2, 0, 0, -1.5800000000000001, -25, -78.930000000000007 ],
      [ 3, 0, 0, -1.5800000000000001, -20, -73.930000000000007 ],
      [ 3, 0, 0, -1.5800000000000001, -5, -88.930000000000007 ],
      [ 2, 0, 0, -1.5800000000000001, 18.5, -77.930000000000007 ],
      [ 3, 0, 0, -1.5800000000000001, 38, -50.93 ],
      [ 2, 0, 0, -1.5800000000000001, 50, -38.93 ],
      [ 2, 0, 0, -1.5800000000000001, 63, -26.93 ],
      [ 3, 0, 0, -1.5800000000000001, 57, -60.93 ],
      [ 7, 0, 0, -1.5800000000000001, -3, -55.93 ],
      [ 3, 0, 0, -1.5800000000000001, 45, -83.930000000000007 ],
      [ 2, 0, 0, -1.5800000000000001, 10, -63.93 ],
      [ 5, 0, 0, -1.5800000000000001, -27.5, -51.93 ],
      [ 8, 0, 0, -1.5800000000000001, -15, -43.93 ],
      [ 3, 0, 0, -1.5800000000000001, -40, -58.93 ],
      [ 2, 0, 0, -1.5800000000000001, 47.5, -67.930000000000007 ],
      [ 3, 0, 0, -1.5800000000000001, -2, -75.930000000000007 ],
      [ 3, 0, 0, -1.5800000000000001, 20, -93.930000000000007 ],
      [ 0, 0, 2, 3, -28, -3.3999999999999999 ],
      [ 0, 0, 3, 23, -33, -3.3999999999999999 ],
      [ 0, 0, 5, -10, -15, -3.3999999999999999 ],
      [ 0, 0, 7, -30, -17.5, -3.3999999999999999 ],
      [ 0, 0, 2, 22.5, 57.5, -3.3999999999999999 ],
      [ 0, 0, 3, 43.5, 57.5, -3.3999999999999999 ],
      [ 0, 0, 5, 60, 40, -3.3999999999999999 ],
      [ 0, 0, 3, 38, 27.5, -3.3999999999999999 ],
      [ 0, 0, 2, -45, 25, -3.3999999999999999 ],
      [ 0, 0, 3, -27, 50, -3.3999999999999999 ],
      [ 0, 0, 5, -17, 57, -3.3999999999999999 ],
      [ 0, 0, 2, -57, -3, -3.3999999999999999 ],
      [ 0, 0, 7, -47.5, 7, -3.3999999999999999 ],
      [ 0, 0, 3, 52, -12.5, -3.3999999999999999 ],
      [ 0, 0, 2, 30, -60, -3.3999999999999999 ],
      [ 0, 0, 3, -47, -57, -3.3999999999999999 ],
      [ 0, 0, 2, -55, -27, -3.3999999999999999 ]
   ],
   "raw-sensor-reading" : [
      [ -0.69000000000000028, -4.2450000000000028, 0.83333333335000004 ],
      [ -1.0499999999999992, -6.6899999999999986, 1.333333333360001 ],
      [ -1.3650000000000002, -8.699999999999994, 2.0000000000400022 ],
      [ -1.0050000000000003, -6.3149999999999986, 1.0000000000200011 ],
      [ -0.53999999999999948, -3.2099999999999995, 0.83333333335000004 ],
      [ -1.4849999999999997, -9.5400000000000063, 1.6666666667000001 ],
      [ -0.81000000000000005, -5.1750000000000043, 1.333333333360001 ],
      [ -0.62999999999999967, -4.0200000000000014, 1.0000000000200011 ],
      [ -0.43499999999999978, -2.8349999999999982, 0.83333333335000004 ],
      [ -1.8900000000000003, -12.509999999999993, 2.1666666667099999 ],
      [ -0.75, -5.0099999999999962, 1.166666666689999 ],
      [ -0.70499999999999918, -4.5900000000000025, 0.50000000001000056 ],
      [ -1.0649999999999995, -6.6150000000000047, 1.0000000000200011 ],
      [ -1.3650000000000002, -8.5649999999999995, 1.6666666667000001 ],
      [ -0.60000000000000053, -3.75, 0.66666666668000052 ],
      [ -0.89999999999999913, -5.7299999999999978, 1.166666666689999 ],
      [ 3.585, -0.82500000000000029, 0.16666666667000013 ],
      [ 5.2199999999999998, -1.2150000000000014, 0 ],
      [ 5.6399999999999935, -1.3800000000000006, 0.16666666667000013 ],
      [ 3.5184000000000033, -0.87659999999999949, 0.29666666667260022 ],
      [ 4.5749999999999957, -1.1550000000000007, 0.33333333334000026 ],
      [ 2.8050000000000033, -0.67500000000000027, 0.33333333334000026 ],
      [ 2.5199999999999987, -0.67500000000000027, 0.33333333334000026 ],
      [ 5.069999999999995, -1.3500000000000005, 0.16666666667000013 ],
      [ 11.040000000000004, -2.5949999999999993, -0.33333333334000026 ],
      [ 5.6699999999999964, -1.4699999999999991, 0 ],
      [ 3.150000000000003, -0.82500000000000029, 0 ],
      [ 7.725000000000005, -1.7849999999999977, -0.16666666667000013 ],
      [ 11.714999999999993, -2.7300000000000004, -0.33333333334000026 ],
      [ 4.6349999999999971, -1.0649999999999995, 0 ],
      [ 3.3300000000000018, -0.84000000000000075, 0.50000000001000056 ],
      [ 5.2649999999999935, -1.274999999999999, 0.16666666667000013 ],
      [ 5.835, -1.3800000000000006, 0.33333333334000026 ],
      [ -0.044999999999999971, -0.70499999999999918, 2.0000000000400022 ],
      [ 0.51000000000000045, -1.3950000000000009, 2.5000000000499973 ],
      [ -0.58500000000000052, -0.97500000000000087, 4.5000000000900044 ],
      [ -2.1278999999999986, -1.3091999999999999, 5.523333333443798 ],
      [ 0.67500000000000027, 1.274999999999999, 1.333333333360001 ],
      [ 1.5600000000000012, 1.7549999999999994, 2.0000000000400022 ],
      [ 3.4350000000000018, 1.6800000000000015, 3.0000000000599987 ],
      [ 1.2449999999999988, 0.69000000000000028, 2.3333333333799979 ],
      [ -0.75, 0.78000000000000058, 1.5000000000299993 ],
      [ -0.44999999999999957, 2.0400000000000018, 1.8333333333700019 ],
      [ -0.13499999999999987, 3.9449999999999954, 2.8333333333899997 ],
      [ -1.0949999999999993, 0.16500000000000001, 1.166666666689999 ],
      [ -3.1650000000000005, 1.5300000000000009, 4.8333333334300033 ],
      [ 1.545000000000001, -0.88500000000000001, 2.3333333333799979 ],
      [ 0.26999999999999974, -1.6200000000000001, 1.8333333333700019 ],
      [ -1.6800000000000015, -1.7549999999999994, 2.3333333333799979 ],
      [ -1.1063999999999998, -0.41640000000000038, 1.333333333360001 ]
   ]
}

