{
   "cal-matrix" : [
      [
         1.0275083969092487,
         0.20558930429499603,
         -0.04163510257829247,
         -0.0019035623374132873,
         0.009996300134274605,
         0.00019294505023441226
      ],
      [
         -0.26334361884995361,
         1.1618914443426058,
         0.022676210690779842,
         -0.012574265153399914,
         -0.0027200745145487142,
         -0.0011935102577078237
      ],
      [
         -0.1161674640186269,
         -0.30073418190391266,
         0.79445487128317027,
         5.9632753296874729e-05,
         0.0015760689615910699,
         0.00044272154660011313
      ]
   ],
   "force-pos" : [
      [ 0, -2, 0, -22.5, 1.5800000000000001, -46.93 ],
      [ 0, -3, 0, -37.5, 1.5800000000000001, -60.93 ],
      [ 0, -5, 0, 8, 1.5800000000000001, -87.930000000000007 ],
      [ 0, -8, 0, 43, 1.5800000000000001, -56.93 ],
      [ 0, -3, 0, 13, 1.5800000000000001, -60.93 ],
      [ 0, -2, 0, 22.5, 1.5800000000000001, -46.93 ],
      [ 0, -3, 0, 47, 1.5800000000000001, -86.930000000000007 ],
      [ 0, -2, 0, -43.5, 1.5800000000000001, -26.93 ],
      [ 0, -3, 0, -28, 1.5800000000000001, -86.930000000000007 ],
      [ 0, -5, 0, -7, 1.5800000000000001, -76.930000000000007 ],
      [ 3, 0, 0, -1.5800000000000001, -15, -88.930000000000007 ],
      [ 2, 0, 0, -1.5800000000000001, 10, -93.930000000000007 ],
      [ 2, 0, 0, -1.5800000000000001, 7.5, -76.930000000000007 ],
      [ 5, 0, 0, -1.5800000000000001, 27.5, -50.93 ],
      [ 7, 0, 0, -1.5800000000000001, 3, -36.93 ],
      [ 3, 0, 0, -1.5800000000000001, 35, -83.930000000000007 ],
      [ 5, 0, 0, -1.5800000000000001, -13, -55.93 ],
      [ 8, 0, 0, -1.5800000000000001, -37.5, -51.93 ],
      [ 2, 0, 0, -1.5800000000000001, -35, -78.930000000000007 ],
      [ 3, 0, 0, -1.5800000000000001, 0, -63.93 ],
      [ 0, 0, 3, 23, -33, -3.3999999999999999 ],
      [ 0, 0, 5, 20, 20, -3.3999999999999999 ],
      [ 0, 0, 7, -27.5, 37, -3.3999999999999999 ],
      [ 0, 0, 8, -7.5, 32.5, -3.3999999999999999 ],
      [ 0, 0, 2, -30, -17.5, -3.3999999999999999 ],
      [ 0, 0, 7, -55, -26.5, -3.3999999999999999 ],
      [ 0, 0, 5, 52, -12, -3.3999999999999999 ],
      [ 0, 0, 2, 43.5, 57.5, -3.3999999999999999 ],
      [ 0, 0, 3, -47, 7, -3.3999999999999999 ],
      [ 0, 0, 3, -15, -45, -3.3999999999999999 ]
   ],
   "raw-sensor-reading" : [
      [ -0.58500000000000052, -3.3899999999999966, 1.0000000000200011 ],
      [ -0.97500000000000087, -5.5649999999999986, 1.166666666689999 ],
      [ -1.9200000000000015, -11.459999999999996, 1.8333333333700019 ],
      [ -2.4300000000000028, -15.600000000000014, 2.0000000000400022 ],
      [ -0.92999999999999983, -5.6699999999999964, 1.166666666689999 ],
      [ -0.52499999999999958, -3.3449999999999993, 1.0000000000200011 ],
      [ -1.0949999999999993, -6.9449999999999941, 1.0000000000200011 ],
      [ -0.48000000000000037, -2.7600000000000011, 1.166666666689999 ],
      [ -1.170000000000001, -6.75, 0.50000000001000056 ],
      [ -1.77, -10.514999999999992, 1.5000000000299993 ],
      [ 5.7450000000000019, -1.5150000000000003, 0.33333333334000026 ],
      [ 3.7800000000000007, -1.0200000000000009, 0.16666666667000013 ],
      [ 3.4499999999999988, -0.91499999999999926, 0.33333333334000026 ],
      [ 7.725000000000005, -2.0550000000000024, 0.16666666667000013 ],
      [ 9.944999999999995, -2.5649999999999991, -0.16666666667000013 ],
      [ 5.6549999999999976, -1.5300000000000009, 0.16666666667000013 ],
      [ 7.7199000000000044, -1.9548000000000019, -0.33333333334000026 ],
      [ 12.389999999999992, -3.0149999999999983, -1.0000000000200011 ],
      [ 3.570899999999996, -0.88500000000000001, -0.0100000000002 ],
      [ 4.9199999999999946, -1.3049999999999999, 0.16666666667000013 ],
      [ 0.39000000000000029, -1.3500000000000005, 2.3333333333799979 ],
      [ 0.97500000000000087, 1.125, 4.5000000000900044 ],
      [ -1.6949999999999983, 3.9749999999999965, 5.0000000000999947 ],
      [ -0.52499999999999958, 3.5099999999999989, 6.3333333334600006 ],
      [ -0.69000000000000028, -0.26999999999999974, 1.6666666667000001 ],
      [ -4.5749999999999957, -1.0949999999999993, 5.0000000000999947 ],
      [ 2.3850000000000016, -1.3500000000000005, 4.1666666667499968 ],
      [ 1.0050000000000003, 1.3049999999999999, 1.5000000000299993 ],
      [ -1.4249999999999989, 0.71999999999999953, 2.1666666667099999 ],
      [ -0.76500000000000046, -1.454999999999999, 2.5000000000499973 ]
   ]
}

