{
   "cal-matrix" : [
      [
         1.0208069091682928,
         0.15544739563344795,
         -0.0051168068682689964,
         -0.0018662480272589172,
         0.009716727478645288,
         0.00052340439863250059
      ],
      [
         -0.28017561899614185,
         1.2004186370783738,
         0.018859065926348229,
         -0.012059579412010444,
         -0.0030984670882823525,
         -0.0011948789274078074
      ],
      [
         -0.03929912504386926,
         -0.40563271502479947,
         0.71639272022960154,
         -0.00030100307036676942,
         0.0011416031386352501,
         0.0024119769648379761
      ]
   ],
   "force-pos" : [
      [ 0, -3, 0, 23, 1.5800000000000001, -71.930000000000007 ],
      [ 0, -2, 0, -12, 1.5800000000000001, -61.93 ],
      [ 0, -5, 0, -22, 1.5800000000000001, -48.93 ],
      [ 3, 0, 0, -1.5800000000000001, -15, -63.93 ],
      [ 5, 0, 0, -1.5800000000000001, 22, -51.93 ],
      [ 2, 0, 0, -1.5800000000000001, 17.5, -76.930000000000007 ],
      [ 0, 0, 2, 23, -33, -3.3999999999999999 ],
      [ 0, 0, 5, -27.5, 36.5, -3.3999999999999999 ],
      [ 0, 0, 3, 62, 17.5, -3.3999999999999999 ],
      [ 0, 0, 2, 22.5, 57.5, -3.3999999999999999 ]
   ],
   "raw-sensor-reading" : [
      [ -0.86999999999999955, -6.3149999999999986, 1.166666666689999 ],
      [ -0.53999999999999948, -3.8249999999999975, 1.0000000000200011 ],
      [ -1.274999999999999, -8.819999999999995, 1.6666666667000001 ],
      [ 4.8600000000000056, -1.4099999999999984, -0.16666666667000013 ],
      [ 7.7099999999999955, -2.325000000000002, 0.33333333334000026 ],
      [ 3.5550000000000042, -1.0649999999999995, 0.50000000001000056 ],
      [ 0.31499999999999984, -0.91499999999999926, 1.5000000000299993 ],
      [ -1.0200000000000009, 2.7300000000000004, 3.5000000000700022 ],
      [ 1.9050000000000009, 0.13499999999999987, 2.3333333333799979 ],
      [ 0.61499999999999932, 1.2449999999999988, 1.5000000000299993 ]
   ]
}

